{"mean":{"confidence_interval":{"confidence_level":0.95,"lower_bound":2931572.941875,"upper_bound":3033843.250625},"point_estimate":2982403.345,"standard_error":26061.26867319527},"median":{"confidence_interval":{"confidence_level":0.95,"lower_bound":2909565.9375,"upper_bound":3054079.8125},"point_estimate":2988715.9375,"standard_error":38080.27790278521},"median_abs_dev":{"confidence_interval":{"confidence_level":0.95,"lower_bound":209162.1464241296,"upper_bound":308911.0197652643},"point_estimate":267276.3588923961,"standard_error":25362.431315579517},"slope":null,"std_dev":{"confidence_interval":{"confidence_level":0.95,"lower_bound":218944.10479470086,"upper_bound":302440.929321254},"point_estimate":262095.76347099265,"standard_error":21366.14682831825}}