{"mean":{"confidence_interval":{"confidence_level":0.95,"lower_bound":3524830.216366665,"upper_bound":3682205.1590000023},"point_estimate":3604177.7880000025,"standard_error":40128.70891087909},"median":{"confidence_interval":{"confidence_level":0.95,"lower_bound":3528531.8,"upper_bound":3720723.2},"point_estimate":3636958.966666667,"standard_error":58154.5476018651},"median_abs_dev":{"confidence_interval":{"confidence_level":0.95,"lower_bound":293581.6088443848,"upper_bound":546823.6195529407},"point_estimate":387232.2810852525,"standard_error":65295.41014486405},"slope":null,"std_dev":{"confidence_interval":{"confidence_level":0.95,"lower_bound":348757.4872591454,"upper_bound":450196.1004350186},"point_estimate":402782.2929456437,"standard_error":25962.9907858213}}
