{"mean":{"confidence_interval":{"confidence_level":0.95,"lower_bound":2602148.705105263,"upper_bound":2681264.0227105264},"point_estimate":2641394.0026315795,"standard_error":20123.674247359126},"median":{"confidence_interval":{"confidence_level":0.95,"lower_bound":2593344.552631579,"upper_bound":2703216.8947368423},"point_estimate":2638628.578947368,"standard_error":26186.954680974373},"median_abs_dev":{"confidence_interval":{"confidence_level":0.95,"lower_bound":144606.32481167198,"upper_bound":230493.92359751996},"point_estimate":181337.97325429207,"standard_error":21844.458018310317},"slope":null,"std_dev":{"confidence_interval":{"confidence_level":0.95,"lower_bound":170087.65248049793,"upper_bound":233042.06767284469},"point_estimate":202708.44205871367,"standard_error":16066.461064275207}}