{"mean":{"confidence_interval":{"confidence_level":0.95,"lower_bound":2285930.480641305,"upper_bound":2418267.1776304357},"point_estimate":2346455.9165217383,"standard_error":33831.785461408006},"median":{"confidence_interval":{"confidence_level":0.95,"lower_bound":2227638.434782609,"upper_bound":2279808.8260869565},"point_estimate":2245954.5869565215,"standard_error":13495.988466854362},"median_abs_dev":{"confidence_interval":{"confidence_level":0.95,"lower_bound":82852.81116819849,"upper_bound":150192.37305094386},"point_estimate":121438.2167831713,"standard_error":15862.136845611774},"slope":null,"std_dev":{"confidence_interval":{"confidence_level":0.95,"lower_bound":192144.96136724306,"upper_bound":458979.84403397323},"point_estimate":340277.2341514865,"standard_error":67865.2026988297}}
