{"mean":{"confidence_interval":{"confidence_level":0.95,"lower_bound":2633431.590526316,"upper_bound":2837215.408039473},"point_estimate":2734667.9452631585,"standard_error":52153.4517254118},"median":{"confidence_interval":{"confidence_level":0.95,"lower_bound":2581633.8157894732,"upper_bound":2804253.8947368423},"point_estimate":2708006.5263157897,"standard_error":64074.47836646387},"median_abs_dev":{"confidence_interval":{"confidence_level":0.95,"lower_bound":422395.2295115119,"upper_bound":697639.3645023196},"point_estimate":568370.3842567772,"standard_error":68077.24527297658},"slope":null,"std_dev":{"confidence_interval":{"confidence_level":0.95,"lower_bound":458647.8309102935,"upper_bound":585872.0570917849},"point_estimate":526380.5645744811,"standard_error":32465.259878873305}}
