{"mean":{"confidence_interval":{"confidence_level":0.95,"lower_bound":2588432.808675,"upper_bound":2646511.9962125},"point_estimate":2617110.637500001,"standard_error":14762.360726674591},"median":{"confidence_interval":{"confidence_level":0.95,"lower_bound":2564219.4,"upper_bound":2641183.5},"point_estimate":2611843.7,"standard_error":21623.93491812816},"median_abs_dev":{"confidence_interval":{"confidence_level":0.95,"lower_bound":102410.25496372943,"upper_bound":187517.86585289202},"point_estimate":154332.05969005797,"standard_error":21683.553093601004},"slope":null,"std_dev":{"confidence_interval":{"confidence_level":0.95,"lower_bound":126855.9256278355,"upper_bound":167441.74458759054},"point_estimate":148313.9202644576,"standard_error":10378.600284124499}}
