{"mean":{"confidence_interval":{"confidence_level":0.95,"lower_bound":2426811.81652381,"upper_bound":2473818.0333809517},"point_estimate":2450172.9309523813,"standard_error":11994.348085651904},"median":{"confidence_interval":{"confidence_level":0.95,"lower_bound":2411557.3333333335,"upper_bound":2460251.6428571427},"point_estimate":2438322.3095238097,"standard_error":11325.687744420688},"median_abs_dev":{"confidence_interval":{"confidence_level":0.95,"lower_bound":72557.45431184792,"upper_bound":132235.28025235384},"point_estimate":108942.57566588264,"standard_error":15085.045096549571},"slope":null,"std_dev":{"confidence_interval":{"confidence_level":0.95,"lower_bound":102763.70029796031,"upper_bound":136892.49593666708},"point_estimate":120793.68796365819,"standard_error":8724.398733336677}}
