{"mean":{"confidence_interval":{"confidence_level":0.95,"lower_bound":857365.8842478262,"upper_bound":867132.6630078943},"point_estimate":862188.2278167037,"standard_error":2487.766993455892},"median":{"confidence_interval":{"confidence_level":0.95,"lower_bound":852957.5689655172,"upper_bound":863895.5791666666},"point_estimate":858284.8466183575,"standard_error":2730.47422376121},"median_abs_dev":{"confidence_interval":{"confidence_level":0.95,"lower_bound":14863.191780294752,"upper_bound":24458.884190768033},"point_estimate":18696.558639632654,"standard_error":2444.5583035239256},"slope":{"confidence_interval":{"confidence_level":0.95,"lower_bound":858513.578850509,"upper_bound":868694.1704093391},"point_estimate":863378.2604063839,"standard_error":2593.123145519992},"std_dev":{"confidence_interval":{"confidence_level":0.95,"lower_bound":20184.801035970002,"upper_bound":29267.616066750667},"point_estimate":24920.101325112435,"standard_error":2317.4490807027387}}