{"mean":{"confidence_interval":{"confidence_level":0.95,"lower_bound":2680311.533960527,"upper_bound":2831034.6731578945},"point_estimate":2753754.532631579,"standard_error":38411.71459486283},"median":{"confidence_interval":{"confidence_level":0.95,"lower_bound":2611560.789473684,"upper_bound":2821474.5789473685},"point_estimate":2706937.7105263155,"standard_error":59450.825296957344},"median_abs_dev":{"confidence_interval":{"confidence_level":0.95,"lower_bound":325718.2288810297,"upper_bound":517488.2164285374},"point_estimate":454886.7980925665,"standard_error":46484.46357247594},"slope":null,"std_dev":{"confidence_interval":{"confidence_level":0.95,"lower_bound":326165.4188578951,"upper_bound":441152.1405028366},"point_estimate":385641.8945879774,"standard_error":29353.159117590272}}