{"mean":{"confidence_interval":{"confidence_level":0.95,"lower_bound":317233.5892895665,"upper_bound":323016.0549165001},"point_estimate":320052.7512220483,"standard_error":1472.8854610849746},"median":{"confidence_interval":{"confidence_level":0.95,"lower_bound":316168.4642857143,"upper_bound":322211.4289215686},"point_estimate":319931.0052631579,"standard_error":1527.4043104853188},"median_abs_dev":{"confidence_interval":{"confidence_level":0.95,"lower_bound":8991.685662752967,"upper_bound":16525.24055124195},"point_estimate":11735.52143458761,"standard_error":1991.537905526706},"slope":{"confidence_interval":{"confidence_level":0.95,"lower_bound":315043.22601942037,"upper_bound":321244.9851562268},"point_estimate":317854.1844251515,"standard_error":1582.5675141786762},"std_dev":{"confidence_interval":{"confidence_level":0.95,"lower_bound":11583.421643137463,"upper_bound":17823.785649847065},"point_estimate":14756.132744261131,"standard_error":1602.5580947637825}}
