{"mean":{"confidence_interval":{"confidence_level":0.95,"lower_bound":2189751.417858696,"upper_bound":2226392.8673152165},"point_estimate":2208091.2160869567,"standard_error":9409.584053951867},"median":{"confidence_interval":{"confidence_level":0.95,"lower_bound":2172022.7391304346,"upper_bound":2223121.5217391304},"point_estimate":2203476.2391304346,"standard_error":14099.527427517281},"median_abs_dev":{"confidence_interval":{"confidence_level":0.95,"lower_bound":66526.67810152422,"upper_bound":112327.3498710086},"point_estimate":86979.43481232777,"standard_error":11536.217467769215},"slope":null,"std_dev":{"confidence_interval":{"confidence_level":0.95,"lower_bound":78745.31383327032,"upper_bound":109086.07164087621},"point_estimate":94541.32587389366,"standard_error":7766.763299598226}}