{"mean":{"confidence_interval":{"confidence_level":0.95,"lower_bound":3043645.9614999997,"upper_bound":3250755.9569558827},"point_estimate":3145431.2888235305,"standard_error":52768.63189910133},"median":{"confidence_interval":{"confidence_level":0.95,"lower_bound":3025060.029411765,"upper_bound":3248465.529411765},"point_estimate":3158054.970588235,"standard_error":60491.64163963105},"median_abs_dev":{"confidence_interval":{"confidence_level":0.95,"lower_bound":398138.1382316351,"upper_bound":640364.7114489006},"point_estimate":533362.6805720958,"standard_error":62455.52558999315},"slope":null,"std_dev":{"confidence_interval":{"confidence_level":0.95,"lower_bound":433109.9296062315,"upper_bound":624783.0328132465},"point_estimate":529556.5066016086,"standard_error":49386.610285288276}}