{"mean":{"confidence_interval":{"confidence_level":0.95,"lower_bound":1053531.1957122558,"upper_bound":1073405.102795704},"point_estimate":1063340.0816466927,"standard_error":5059.596329779956},"median":{"confidence_interval":{"confidence_level":0.95,"lower_bound":1052415.932123656,"upper_bound":1064338.2631578948},"point_estimate":1057451.2021829523,"standard_error":3032.181601466251},"median_abs_dev":{"confidence_interval":{"confidence_level":0.95,"lower_bound":24388.197376085376,"upper_bound":38254.44787525968},"point_estimate":29418.48822118154,"standard_error":3527.730908109047},"slope":{"confidence_interval":{"confidence_level":0.95,"lower_bound":1061132.6449368033,"upper_bound":1091860.793910373},"point_estimate":1075428.0944702232,"standard_error":7873.293338062431},"std_dev":{"confidence_interval":{"confidence_level":0.95,"lower_bound":35842.636975235175,"upper_bound":64209.6033519489},"point_estimate":50417.5886341582,"standard_error":7295.367932078138}}