{"mean":{"confidence_interval":{"confidence_level":0.95,"lower_bound":5438743.602527778,"upper_bound":5612505.645388889},"point_estimate":5524238.817777777,"standard_error":44212.5465453503},"median":{"confidence_interval":{"confidence_level":0.95,"lower_bound":5370910.888888889,"upper_bound":5628907.0},"point_estimate":5508490.833333334,"standard_error":67737.7544455064},"median_abs_dev":{"confidence_interval":{"confidence_level":0.95,"lower_bound":393265.5734181404,"upper_bound":593669.106060266},"point_estimate":513024.3159919975,"standard_error":51235.507171302925},"slope":null,"std_dev":{"confidence_interval":{"confidence_level":0.95,"lower_bound":382480.5018462279,"upper_bound":502411.1264056118},"point_estimate":443590.5795035704,"standard_error":30786.097746649593}}
