{"mean":{"confidence_interval":{"confidence_level":0.95,"lower_bound":2555577.208775,"upper_bound":2780297.464225},"point_estimate":2666506.1280000005,"standard_error":57324.507134265594},"median":{"confidence_interval":{"confidence_level":0.95,"lower_bound":2542932.675,"upper_bound":2770419.9},"point_estimate":2641929.8499999996,"standard_error":55397.045021794744},"median_abs_dev":{"confidence_interval":{"confidence_level":0.95,"lower_bound":341679.0262439848,"upper_bound":687902.8885772823},"point_estimate":551878.0845572049,"standard_error":94116.3818635788},"slope":null,"std_dev":{"confidence_interval":{"confidence_level":0.95,"lower_bound":490438.2334957179,"upper_bound":649827.8419375524},"point_estimate":575334.6765841325,"standard_error":40806.45951437247}}