{"mean":{"confidence_interval":{"confidence_level":0.95,"lower_bound":2609224.110137501,"upper_bound":2722698.1689999998},"point_estimate":2661900.6025000005,"standard_error":29067.892243747287},"median":{"confidence_interval":{"confidence_level":0.95,"lower_bound":2587201.625,"upper_bound":2661760.45},"point_estimate":2621521.925,"standard_error":17872.12623874922},"median_abs_dev":{"confidence_interval":{"confidence_level":0.95,"lower_bound":133965.47265663723,"upper_bound":208685.28667509597},"point_estimate":178058.2923938338,"standard_error":19817.094345900645},"slope":null,"std_dev":{"confidence_interval":{"confidence_level":0.95,"lower_bound":172500.18672727307,"upper_bound":397896.59236851253},"point_estimate":294130.3767488891,"standard_error":56973.166220167936}}
