{"mean":{"confidence_interval":{"confidence_level":0.95,"lower_bound":2556482.1391447373,"upper_bound":2672894.6532368436},"point_estimate":2613979.192105264,"standard_error":29670.383727251556},"median":{"confidence_interval":{"confidence_level":0.95,"lower_bound":2526231.8947368423,"upper_bound":2689075.0263157897},"point_estimate":2602436.1842105263,"standard_error":39652.03916835417},"median_abs_dev":{"confidence_interval":{"confidence_level":0.95,"lower_bound":221453.2659789442,"upper_bound":363960.73643314216},"point_estimate":272980.79396941187,"standard_error":37676.67011863906},"slope":null,"std_dev":{"confidence_interval":{"confidence_level":0.95,"lower_bound":251935.55836649373,"upper_bound":343527.2552398523},"point_estimate":297878.4222836452,"standard_error":23372.725129855957}}